{"generator": 1.0, "reviewer": 0.36329931618554523, "average": 0.6816496580927727, "duration": 25.14538812637329}